client_id,total_samples,Adware,Backdoor,Benign,FileInfector,PUA,Ransomware,Riskware,Scareware,Trojan,Trojan_Banker,Trojan_Dropper,Trojan_SMS,Trojan_Spy,Zero_Day
0,4730,4302,8,0,0,68,0,180,0,0,11,0,0,61,100
1,770,93,0,0,0,0,0,0,0,0,0,0,656,21,0
2,742,223,13,0,4,0,90,254,0,0,6,0,0,41,111
3,269,136,4,0,9,0,57,63,0,0,0,0,0,0,0
4,672,58,0,0,0,44,0,138,334,0,1,43,0,35,19
5,666,35,5,0,10,0,115,0,19,327,15,0,0,42,98
6,1709,0,17,0,1,0,0,0,0,0,0,0,0,10,1681
7,448,0,0,0,0,118,0,0,6,280,0,0,44,0,0
8,432,0,0,0,10,0,0,270,0,0,0,0,0,45,107
9,1346,0,35,0,0,0,24,105,34,0,6,0,72,1070,0
10,319,128,0,0,0,0,0,170,0,0,0,0,0,21,0
11,582,0,6,0,2,0,0,253,35,271,0,0,0,15,0
12,238,51,25,0,0,0,0,0,0,0,0,0,137,0,25
13,1818,0,0,0,95,0,1346,323,0,0,9,0,0,45,0
14,963,104,0,0,5,72,0,208,38,304,0,23,137,22,50
15,297,0,22,0,0,0,0,0,0,154,0,48,0,55,18
16,641,195,26,141,0,0,0,0,0,220,14,21,0,24,0
17,433,189,0,0,0,0,0,131,0,0,0,23,0,41,49
18,601,101,0,0,0,0,0,147,0,324,0,0,0,29,0
19,889,0,0,94,8,608,75,0,0,0,0,0,0,32,72
20,333,138,0,20,0,0,0,56,58,0,0,0,0,61,0
21,729,48,425,0,0,0,0,0,0,207,0,0,0,49,0
22,381,0,24,123,0,0,0,0,0,139,0,0,0,0,95
23,522,140,13,0,0,0,33,319,0,0,0,0,0,17,0
24,6301,145,16,0,0,0,0,6043,0,51,0,0,0,46,0
25,232,186,34,0,0,0,0,0,0,0,0,12,0,0,0
26,1004,43,31,696,1,0,43,121,0,0,0,69,0,0,0
27,381,209,0,0,0,0,0,0,0,0,0,62,0,31,79
28,602,118,32,88,0,0,0,324,0,0,0,23,0,17,0
29,245,0,0,0,0,0,0,0,0,0,0,66,62,61,56
30,642,0,24,0,8,0,138,372,0,0,0,29,71,0,0
31,620,227,0,0,0,0,79,0,0,194,0,0,0,0,120
32,584,133,0,0,0,0,0,0,0,275,122,28,0,26,0
33,529,258,32,0,0,0,0,208,0,0,0,0,0,31,0
34,1027,0,13,116,7,0,93,119,0,0,0,567,0,0,112
35,820,127,0,120,0,0,116,0,35,303,0,0,0,20,99
36,313,0,0,0,0,0,0,212,0,0,0,60,0,41,0
37,610,0,0,0,0,0,145,58,0,311,2,0,0,0,94
38,513,117,33,0,10,0,73,108,0,0,0,0,133,7,32
39,569,86,0,67,0,0,0,163,55,0,0,48,0,10,140
40,469,252,0,0,0,0,0,0,0,0,0,0,81,0,136
41,335,178,31,0,0,0,0,98,0,0,7,0,0,21,0
42,386,0,27,0,4,0,0,138,37,95,0,43,0,42,0
43,3069,60,0,81,0,0,20,110,0,2699,0,26,0,55,18
44,310,0,0,0,8,122,0,0,0,168,0,0,0,12,0
45,583,245,0,0,0,0,157,0,51,0,0,0,0,41,89
46,272,175,14,0,4,0,0,0,0,0,0,65,0,14,0
47,540,35,0,0,3,0,0,293,7,180,0,0,22,0,0
48,576,178,0,0,0,0,0,106,0,0,0,0,136,61,95
49,689,71,0,0,9,0,125,152,0,247,0,0,0,0,85
